{
  "metro": "miami",
  "model_type": "xgb",
  "uses_scaler": false,
  "n_train": 678,
  "n_test": 169,
  "n_features": 16,
  "metrics": {
    "rmse": 47188.512521860495,
    "mae": 14215.139044310423,
    "mape": 1.2700253808485336,
    "r2": 0.9986995668119988,
    "median_error": 3341.6663103870233,
    "within_5pct": 97.63313609467455,
    "within_10pct": 100.0,
    "within_20pct": 100.0
  },
  "metrics_2025": {
    "2025_rmse": 14179.65895115007,
    "2025_mae": 8526.612487524204,
    "2025_mape": 0.6790206998478096,
    "2025_r2": 0.9999690056950987,
    "2025_median_error": 3609.8410058077425,
    "2025_within_5pct": 100.0,
    "2025_within_10pct": 100.0,
    "2025_within_20pct": 100.0
  },
  "created_at": "2026-01-01T15:13:19.111292"
}