{
  "metro": "abilene",
  "model_type": "ridge",
  "uses_scaler": true,
  "n_train": 260,
  "n_test": 65,
  "n_features": 16,
  "metrics": {
    "rmse": 1378.2927618104293,
    "mae": 1004.5692536557109,
    "mape": 0.8066458131324392,
    "r2": 0.9996706494180885,
    "median_error": 793.1995754369491,
    "within_5pct": 100.0,
    "within_10pct": 100.0,
    "within_20pct": 100.0
  },
  "metrics_2025": {
    "2025_rmse": 2047.8710149714072,
    "2025_mae": 1759.7013133158125,
    "2025_mape": 1.0014285752228598,
    "2025_r2": 0.9993876282161939,
    "2025_median_error": 1367.9226397813763,
    "2025_within_5pct": 100.0,
    "2025_within_10pct": 100.0,
    "2025_within_20pct": 100.0
  },
  "created_at": "2026-01-01T15:13:19.044795"
}