{
  "metro": "fort_lauderdale",
  "model_type": "rf",
  "uses_scaler": false,
  "n_train": 4007,
  "n_test": 1002,
  "n_features": 16,
  "metrics": {
    "rmse": 23943.156298564907,
    "mae": 3984.3344004168034,
    "mape": 0.6381567468456646,
    "r2": 0.9965009320054926,
    "median_error": 1135.3348818573577,
    "within_5pct": 99.40119760479041,
    "within_10pct": 99.8003992015968,
    "within_20pct": 100.0
  },
  "metrics_2025": {
    "2025_rmse": 72423.5896152965,
    "2025_mae": 13121.465198533455,
    "2025_mape": 0.590522392595527,
    "2025_r2": 0.9891667912907227,
    "2025_median_error": 1183.259935166454,
    "2025_within_5pct": 98.24561403508771,
    "2025_within_10pct": 98.24561403508771,
    "2025_within_20pct": 100.0
  },
  "created_at": "2026-01-01T15:13:19.100484"
}