{
  "metro": "dallas",
  "model_type": "rf",
  "uses_scaler": false,
  "n_train": 8963,
  "n_test": 2242,
  "n_features": 16,
  "metrics": {
    "rmse": 10718.89589140334,
    "mae": 1343.4802009179732,
    "mape": 0.34572412974530015,
    "r2": 0.9963415622872392,
    "median_error": 512.0501883847464,
    "within_5pct": 99.82158786797503,
    "within_10pct": 99.9107939339875,
    "within_20pct": 100.0
  },
  "metrics_2025": {
    "2025_rmse": 6798.236941313174,
    "2025_mae": 1882.0198990962695,
    "2025_mape": 0.3176898194995451,
    "2025_r2": 0.9986349941470491,
    "2025_median_error": 926.6703681588406,
    "2025_within_5pct": 99.19354838709677,
    "2025_within_10pct": 100.0,
    "2025_within_20pct": 100.0
  },
  "created_at": "2026-01-01T15:13:19.093843"
}