{
  "metro": "houston",
  "model_type": "ridge",
  "uses_scaler": true,
  "n_train": 3691,
  "n_test": 923,
  "n_features": 16,
  "metrics": {
    "rmse": 2014.3103595098132,
    "mae": 1063.1368555075906,
    "mape": 0.45981661303515636,
    "r2": 0.9999519154861102,
    "median_error": 602.0094737235049,
    "within_5pct": 99.56663055254604,
    "within_10pct": 100.0,
    "within_20pct": 100.0
  },
  "metrics_2025": {
    "2025_rmse": 1819.7877430352512,
    "2025_mae": 930.1598395037815,
    "2025_mape": 0.20866373290747073,
    "2025_r2": 0.999978685582208,
    "2025_median_error": 464.3071768801892,
    "2025_within_5pct": 100.0,
    "2025_within_10pct": 100.0,
    "2025_within_20pct": 100.0
  },
  "created_at": "2026-01-01T15:13:19.108768"
}