{
  "metro": "orlando",
  "model_type": "xgb",
  "uses_scaler": false,
  "n_train": 2118,
  "n_test": 529,
  "n_features": 16,
  "metrics": {
    "rmse": 18273.04157835832,
    "mae": 2894.479750935992,
    "mape": 0.8128780024289499,
    "r2": 0.9908232719820739,
    "median_error": 948.8781492924318,
    "within_5pct": 99.05482041587902,
    "within_10pct": 99.62192816635161,
    "within_20pct": 99.8109640831758
  },
  "metrics_2025": {
    "2025_rmse": 5089.521464443409,
    "2025_mae": 2643.8275497874965,
    "2025_mape": 0.5074336378269844,
    "2025_r2": 0.9990049945884966,
    "2025_median_error": 1171.6184417932236,
    "2025_within_5pct": 100.0,
    "2025_within_10pct": 100.0,
    "2025_within_20pct": 100.0
  },
  "created_at": "2026-01-01T15:13:19.117218"
}