{
  "metro": "jacksonville",
  "model_type": "xgb",
  "uses_scaler": false,
  "n_train": 2946,
  "n_test": 737,
  "n_features": 16,
  "metrics": {
    "rmse": 3977.329533726368,
    "mae": 1214.714327146626,
    "mape": 0.6496917063755079,
    "r2": 0.9986375087710683,
    "median_error": 623.94813440711,
    "within_5pct": 99.72862957937585,
    "within_10pct": 99.86431478968792,
    "within_20pct": 100.0
  },
  "metrics_2025": {
    "2025_rmse": 3183.7475376671573,
    "2025_mae": 1664.7492901349724,
    "2025_mape": 0.4860735785081289,
    "2025_r2": 0.999275092487288,
    "2025_median_error": 919.7186787136307,
    "2025_within_5pct": 100.0,
    "2025_within_10pct": 100.0,
    "2025_within_20pct": 100.0
  },
  "created_at": "2026-01-01T15:13:19.109831"
}