{
  "metro": "fort_worth",
  "model_type": "rf",
  "uses_scaler": false,
  "n_train": 8654,
  "n_test": 2164,
  "n_features": 16,
  "metrics": {
    "rmse": 2924.4951466373946,
    "mae": 1215.4273951634834,
    "mape": 0.4072723745321552,
    "r2": 0.999844806913939,
    "median_error": 539.9507035846036,
    "within_5pct": 99.90757855822551,
    "within_10pct": 99.95378927911275,
    "within_20pct": 100.0
  },
  "metrics_2025": {
    "2025_rmse": 6099.396883540776,
    "2025_mae": 2062.2361849268896,
    "2025_mape": 0.3076969390691265,
    "2025_r2": 0.9996247120740875,
    "2025_median_error": 726.7518593638961,
    "2025_within_5pct": 100.0,
    "2025_within_10pct": 100.0,
    "2025_within_20pct": 100.0
  },
  "created_at": "2026-01-01T15:13:19.108280"
}