{
  "model_type": "global",
  "model_class": "XGBRegressor",
  "n_train": 40024,
  "n_test": 10007,
  "n_features": 28,
  "metrics": {
    "rmse": 35998.345172163245,
    "mae": 4018.681904625391,
    "mape": 0.8564307985335253,
    "r2": 0.9855899355829719,
    "median_error": 1048.4883316677588,
    "within_5pct": 98.69091635854902,
    "within_10pct": 99.69021684820626,
    "within_20pct": 99.95003497551714
  },
  "metrics_2025": {
    "2025_rmse": 97617.33082767102,
    "2025_mae": 10938.12004617376,
    "2025_mape": 0.8795665904817362,
    "2025_r2": 0.9622371993809892,
    "2025_median_error": 1731.889342561306,
    "2025_within_5pct": 97.76951672862454,
    "2025_within_10pct": 99.25650557620817,
    "2025_within_20pct": 99.81412639405205
  },
  "created_at": "2026-01-01T15:13:19.162334"
}