{
  "metro": "austin",
  "model_type": "xgb",
  "uses_scaler": false,
  "n_train": 1077,
  "n_test": 270,
  "n_features": 16,
  "metrics": {
    "rmse": 19152.098295502514,
    "mae": 3539.6939777084813,
    "mape": 0.6950467787572622,
    "r2": 0.9923922076899158,
    "median_error": 1297.1734124871728,
    "within_5pct": 99.62962962962963,
    "within_10pct": 99.62962962962963,
    "within_20pct": 99.62962962962963
  },
  "metrics_2025": {
    "2025_rmse": 6830.975379337779,
    "2025_mae": 4342.641882665231,
    "2025_mape": 0.7460483405543387,
    "2025_r2": 0.9978511690967403,
    "2025_median_error": 3328.5240371235413,
    "2025_within_5pct": 100.0,
    "2025_within_10pct": 100.0,
    "2025_within_20pct": 100.0
  },
  "created_at": "2026-01-01T15:13:19.045889"
}