{
  "metro": "san_antonio",
  "model_type": "rf",
  "uses_scaler": false,
  "n_train": 5214,
  "n_test": 1304,
  "n_features": 16,
  "metrics": {
    "rmse": 7284.532402406491,
    "mae": 1051.6669903468235,
    "mape": 0.42215974817854246,
    "r2": 0.9962870445469008,
    "median_error": 438.06963555878974,
    "within_5pct": 99.69325153374233,
    "within_10pct": 99.84662576687117,
    "within_20pct": 100.0
  },
  "metrics_2025": {
    "2025_rmse": 1243.0217679364846,
    "2025_mae": 950.615584203503,
    "2025_mape": 0.3468387949473227,
    "2025_r2": 0.9998874684205689,
    "2025_median_error": 767.8283187971683,
    "2025_within_5pct": 100.0,
    "2025_within_10pct": 100.0,
    "2025_within_20pct": 100.0
  },
  "created_at": "2026-01-01T15:13:19.124417"
}