{
  "metro": "waco",
  "model_type": "ridge",
  "uses_scaler": true,
  "n_train": 262,
  "n_test": 65,
  "n_features": 16,
  "metrics": {
    "rmse": 1641.5282306092301,
    "mae": 1106.9791069366995,
    "mape": 0.9230459425102876,
    "r2": 0.9993611263142882,
    "median_error": 791.0588934015177,
    "within_5pct": 100.0,
    "within_10pct": 100.0,
    "within_20pct": 100.0
  },
  "metrics_2025": {
    "2025_rmse": 3200.4871709494428,
    "2025_mae": 2233.9730696004794,
    "2025_mape": 0.8118060776352838,
    "2025_r2": 0.9987487888015871,
    "2025_median_error": 1047.5999260398676,
    "2025_within_5pct": 100.0,
    "2025_within_10pct": 100.0,
    "2025_within_20pct": 100.0
  },
  "created_at": "2026-01-01T15:13:19.130453"
}