{
  "metro": "tampa",
  "model_type": "xgb",
  "uses_scaler": false,
  "n_train": 2154,
  "n_test": 537,
  "n_features": 16,
  "metrics": {
    "rmse": 12017.299229721995,
    "mae": 2875.907353806526,
    "mape": 0.7667416632891965,
    "r2": 0.9979123700812406,
    "median_error": 1155.6619808221585,
    "within_5pct": 98.88268156424581,
    "within_10pct": 100.0,
    "within_20pct": 100.0
  },
  "metrics_2025": {
    "2025_rmse": 29631.819610772753,
    "2025_mae": 9742.01053687591,
    "2025_mape": 0.8895678344135228,
    "2025_r2": 0.9946247724150111,
    "2025_median_error": 2003.0025934851728,
    "2025_within_5pct": 95.65217391304348,
    "2025_within_10pct": 100.0,
    "2025_within_20pct": 100.0
  },
  "created_at": "2026-01-01T15:13:19.129927"
}